id	rate	bna
1001	55221	26745
1003	195121	95314
1005	26932	14497
1007	22604	12073
1009	57710	28512
1011	10678	5660
1013	20354	9502
1015	116648	56274
1017	34079	16258
1019	26008	12975
1021	43819	21619
1023	13395	6382
1025	25070	11834
1027	13537	6671
1029	15002	7334
1031	50884	25174
1033	54444	26303
1035	12865	6176
1037	11027	5579
1039	37886	18339
1041	13938	6863
1043	80965	40081
1045	49866	24708
1047	42154	19450
1049	71068	35474
1051	80763	39362
1053	37935	19524
1055	103766	50207
1057	16896	8477
1059	31634	15311
1061	26815	13174
1063	8697	4095
1065	15256	7183
1067	17252	8259
1069	103534	49563
1071	52860	26076
1073	659026	311581
1075	14133	6832
1077	92737	44419
1079	33586	16421
1081	150982	74277
1083	88805	44626
1085	10742	5125
1087	20018	9166
1089	346438	169422
1091	20306	9452
1093	30387	15004
1095	94318	46409
1097	414251	198216
1099	22217	10639
1101	228138	108296
1103	119786	58814
1105	10038	4651
1107	19856	9657
1109	33155	15818
1111	22648	11090
1113	58302	28347
1115	85864	43141
1117	203530	99134
1119	13341	5905
1121	81437	39494
1123	41153	19593
1125	200458	96781
1127	65923	32013
1129	16997	8490
1131	11235	5376
1133	24130	11876
2013	3304	2198
2016	5684	3393
2020	299107	153122
2050	17776	9351
2060	970	553
2068	2060	1126
2070	4979	2589
2090	99705	53477
2100	2560	1387
2105	2128	1129
2110	32531	16645
2122	57221	29974
2130	13699	7038
2150	13973	7468
2158	7914	4200
2164	1474	731
2170	96178	50205
2180	9854	5272
2185	9667	6172
2188	7732	4165
2195	3221	1708
2198	6376	3468
2220	8943	4584
2230	999	527
2240	7029	3909
2261	9617	5137
2275	2387	1227
2282	643	367
2290	5644	3038
4001	72124	35663
4003	129647	66100
4005	136701	67553
4007	53165	26436
4009	37407	20049
4011	9023	4748
4012	20335	10378
4013	4018143	1986158
4015	203362	102371
4017	107656	53984
4019	998537	491108
4021	389772	202502
4023	47073	22566
4025	215996	105693
4027	202987	103779
5001	18731	8936
5003	21229	10185
5005	41040	19811
5007	238198	117781
5009	37227	18138
5011	11206	5534
5013	5245	2692
5015	27635	13535
5017	11353	5577
5019	22751	10786
5021	15400	7588
5023	25711	12842
5025	8510	4234
5027	24327	11569
5029	21110	10346
5031	101409	49362
5033	61748	30269
5035	49765	23482
5037	17467	8384
5039	7868	3877
5041	12379	5741
5043	18740	9215
5045	119343	58488
5047	17866	8797
5049	12224	6055
5051	96954	46921
5053	18054	8875
5055	43382	21477
5057	22336	10787
5059	33316	17089
5061	13555	6596
5063	36952	18064
5065	13480	6997
5067	17597	8737
5069	73548	36165
5071	25930	12834
5073	7270	3534
5075	17029	8303
5077	9966	5561
5079	14062	8596
5081	12720	6384
5083	22001	11022
5085	70691	34831
5087	15702	7865
5089	16458	8172
5091	43652	21540
5093	44864	21815
5095	7713	3642
5097	9197	4547
5099	8793	4367
5101	8052	4035
5103	25044	11790
5105	10300	5133
5107	20391	9529
5109	11087	5420
5111	24210	11819
5113	20364	9929
5115	62830	31083
5117	8402	4137
5119	390463	187292
5121	17695	8678
5123	27345	14996
5125	113833	55920
5127	10870	5557
5129	7965	3984
5131	127273	62355
5133	17268	8563
5135	17055	8302
5137	12512	6340
5139	40633	19640
5141	17002	8402
5143	216432	108144
5145	78660	38736
5147	6983	3380
5149	21835	10804
6001	1584983	776699
6003	1131	654
6005	36995	20012
6007	222564	110115
6009	44767	22143
6011	21396	11129
6013	1096068	534618
6015	27788	15418
6017	182093	90970
6019	956749	477316
6021	28029	14168
6023	135034	67533
6025	178206	91167
6027	18373	9214
6029	865736	444547
6031	150998	83958
6033	64158	32146
6035	32645	21818
6037	10038388	4945351
6039	153187	73863
6041	258349	126460
6043	17789	8931
6045	87544	43827
6047	263885	133152
6049	9184	4664
6051	14146	7311
6053	428441	219299
6055	140295	69798
6057	98570	48668
6059	3116069	1539600
6061	366280	178729
6063	18966	9608
6065	2298032	1143477
6067	1465832	717117
6069	57557	28773
6071	2094769	1042053
6073	3223096	1618945
6075	840763	427909
6077	708554	352400
6079	276517	140953
6081	748731	368416
6083	435850	218483
6085	1868149	939004
6087	269278	133714
6089	178942	87851
6091	3021	1505
6093	43895	21825
6095	425753	211881
6097	495078	242817
6099	527367	261045
6101	95247	47349
6103	63152	31489
6105	13373	6878
6107	454033	227426
6109	54079	28218
6111	840833	416484
6113	207320	100937
6115	73437	37300
8001	471206	237107
8003	16269	7972
8005	608310	299103
8007	12174	6202
8009	3701	1776
8011	5895	4046
8013	310032	155795
8014	60699	30075
8015	18309	9798
8017	2002	1051
8019	9136	4724
8021	8249	4111
8023	3581	1866
8025	5551	3145
8027	4303	2148
8029	30214	15148
8031	649654	324730
8033	1862	1017
8035	306974	152339
8037	52576	27887
8039	23855	11969
8041	655024	329550
8043	46809	27003
8045	57076	29186
8047	5605	2878
8049	14411	7689
8051	15651	8427
8053	874	416
8055	6502	3290
8057	1335	709
8059	552344	274525
8061	1463	666
8063	7980	4379
8065	7362	4021
8067	53182	27010
8069	318227	158367
8071	14503	7467
8073	5478	3212
8075	21928	11889
8077	147834	73340
8079	733	381
8081	13117	6830
8083	25700	12729
8085	40815	20021
8087	28359	14088
8089	18572	9121
8091	4580	2239
8093	16189	8525
8095	4371	2259
8097	17420	9235
8099	12235	6137
8101	161519	79535
8103	6712	3490
8105	11745	5810
8107	23606	12328
8109	6238	3116
8111	606	327
8113	7676	4049
8115	2365	1139
8117	28940	15912
8119	23340	11826
8121	4795	2482
8123	270948	136230
8125	10185	4825
9001	939983	457634
9003	896943	434784
9005	186304	91740
9007	165165	80854
9009	862224	415679
9011	273185	136570
9013	151948	76134
9015	117470	58212
10001	169509	81716
10003	549643	265915
10005	207302	100782
11001	647484	306674
12001	254218	122968
12003	27135	14277
12005	175353	86800
12007	27223	15150
12009	553591	270544
12011	1843152	894820
12013	14615	7991
12015	165783	80718
12017	139654	67381
12019	197417	96931
12021	341091	167836
12023	67806	35080
12027	34957	19756
12029	16091	8746
12031	890673	431732
12033	306327	152196
12035	100783	48229
12037	11628	6800
12039	46424	21995
12041	16992	8946
12043	13272	7319
12045	15785	9235
12047	14395	8671
12049	27468	14920
12051	38363	20318
12053	174809	83978
12055	98328	47994
12057	1302884	635632
12059	19635	10501
12061	142866	68768
12063	48900	27124
12065	14198	7522
12067	8801	5265
12069	310561	150126
12071	663675	325158
12073	282940	134474
12075	39821	19649
12077	8295	5140
12079	18729	9869
12081	343729	166067
12083	336811	161696
12085	151586	74988
12086	2639042	1280221
12087	75901	40159
12089	75880	37485
12091	192237	97092
12093	39255	21176
12095	1229039	603946
12097	300870	148030
12099	1378806	666577
12101	479288	232719
12103	931477	446740
12105	626676	307017
12107	72696	35825
12109	210495	102338
12111	288006	140448
12113	161021	82189
12115	392038	187242
12117	437346	211546
12119	108501	55190
12121	43595	21647
12123	22685	12781
12125	15191	9830
12127	503719	245481
12129	31128	17366
12131	59487	30176
12133	24629	13478
13001	18417	9040
13003	8294	4090
13005	11222	5638
13007	3292	1579
13009	45795	22776
13011	18336	9327
13013	72012	36057
13015	101336	50052
13017	17477	8349
13019	19019	9471
13021	154816	73011
13023	12746	6099
13025	18452	9134
13027	15637	7686
13029	33151	16205
13031	72386	35859
13033	23007	11071
13035	23445	12451
13037	6489	3892
13039	51445	26515
13043	11031	5342
13045	112595	54865
13047	65375	31905
13049	13130	7024
13051	279290	134833
13053	11914	7940
13055	25241	13007
13057	225944	111170
13059	120905	57448
13061	3104	1510
13063	267234	127166
13065	6791	3359
13067	719133	348219
13069	43003	21980
13071	46024	22869
13073	136204	66418
13075	17033	8200
13077	133416	65194
13079	12539	6406
13081	23314	11035
13083	16445	7997
13085	22673	11244
13087	27378	13359
13089	716331	341362
13091	21180	11215
13093	14293	7717
13095	93310	43432
13097	136520	65637
13099	10579	4899
13101	4048	1893
13103	54630	27196
13105	19537	9262
13107	22731	11130
13109	10814	5024
13111	23742	11531
13113	108655	52720
13115	96169	46567
13117	196236	97505
13119	22110	10827
13121	983903	478161
13123	28673	14560
13125	3087	1495
13127	81743	38647
13129	55889	27738
13131	25243	12504
13133	16331	7972
13135	859234	421395
13137	43527	20573
13139	187916	93746
13141	8881	4878
13143	28565	13951
13145	32776	16304
13147	25498	12615
13149	11617	5753
13151	211512	101340
13153	147570	71562
13155	9408	4798
13157	61420	30418
13159	13593	6658
13161	14990	7411
13163	16374	7916
13165	8922	4444
13167	9794	5437
13169	28738	14006
13171	18114	8653
13173	10403	5237
13175	47886	22810
13177	28946	14499
13179	64427	32654
13181	7720	3705
13183	16588	8097
13185	113203	55627
13187	30921	15176
13189	21582	10274
13191	14007	6828
13193	14045	7720
13195	28232	13938
13197	8739	4394
13199	21297	10185
13201	5936	2837
13205	22982	11990
13207	26915	13536
13209	8968	4553
13211	17900	8530
13213	39401	19280
13215	200285	98321
13217	102645	48786
13219	34400	16817
13221	14688	7296
13223	147400	72089
13225	27086	13112
13227	29740	14910
13229	18934	9379
13231	17812	8730
13233	41215	20182
13235	11590	4866
13237	21247	10565
13239	2326	1106
13241	16266	7981
13243	7315	3732
13245	201291	97446
13247	86901	41147
13249	5074	2517
13251	14206	6953
13253	8769	4113
13255	63873	30884
13257	25620	12352
13259	5868	3564
13261	31429	14894
13263	6490	3140
13265	1721	829
13267	25302	14529
13269	8401	4036
13271	16416	9502
13273	9213	4342
13275	44824	21239
13277	40787	19671
13279	27210	12743
13281	10800	5213
13283	6762	3296
13285	68867	33189
13287	8338	4284
13289	8509	4180
13291	21725	10648
13293	26528	12701
13295	68285	33760
13297	86201	42055
13299	35723	17751
13301	5561	2561
13303	20785	10467
13305	30046	15421
13307	2720	1370
13309	7956	5402
13311	27791	13527
13313	103456	51451
13315	8972	5252
13317	9991	4729
13319	9386	4579
13321	21156	10208
15001	191482	95939
15003	984178	498129
15005	85	42
15007	69691	34971
15009	160863	80790
16001	417501	208879
16003	3880	2049
16005	83604	41666
16007	5939	2981
16009	9088	4581
16011	45407	22715
16013	21309	10836
16015	6885	3626
16017	41066	20563
16019	107788	53404
16021	10961	5596
16023	2653	1424
16025	1052	538
16027	198921	98609
16029	6808	3429
16031	23369	11866
16033	901	440
16035	8560	4736
16037	4234	2169
16039	26175	13509
16041	12914	6540
16043	12945	6677
16045	16731	8390
16047	15233	7895
16049	16312	8571
16051	26792	13541
16053	22653	11462
16055	145046	71718
16057	38339	19676
16059	7790	3933
16061	3812	1885
16063	5260	2676
16065	37916	19077
16067	20279	10284
16069	39779	19697
16071	4245	2183
16073	11364	5863
16075	22700	11458
16077	7731	3910
16079	12571	6324
16081	10285	5379
16083	80004	39568
16085	9720	5059
16087	10025	5082
17001	67081	32676
17003	7364	3634
17005	17313	8784
17007	53851	26882
17009	6859	4377
17011	34115	16728
17013	4999	2528
17015	14926	7459
17017	13254	6772
17019	205766	102654
17021	34200	17478
17023	16159	7828
17025	13582	6689
17027	37929	19473
17029	53037	25550
17031	5236393	2537245
17033	19541	10078
17035	10943	5509
17037	104345	51515
17039	16388	8251
17041	19826	9723
17043	930412	456274
17045	17992	8791
17047	6649	3284
17049	34332	17154
17051	22136	11622
17053	13835	6854
17055	39694	19558
17057	36323	18844
17059	5385	2570
17061	13502	6797
17063	50277	25083
17065	8322	4087
17067	18738	9249
17069	4228	2184
17071	7042	3428
17073	49883	24752
17075	29053	14192
17077	59534	29883
17079	9635	4805
17081	38578	19817
17083	22625	11058
17085	22397	11254
17087	12829	7267
17089	524886	261189
17091	112221	55164
17093	120036	59632
17095	52112	26159
17097	702898	350658
17099	112579	56448
17101	16665	9997
17103	35027	18524
17105	37689	19002
17107	29956	15194
17109	32009	15654
17111	307357	153090
17113	173114	84278
17115	109193	52336
17117	46844	23174
17119	267356	130741
17121	38665	18929
17123	12173	6004
17125	14126	6994
17127	15016	7244
17129	12611	6158
17131	16107	7994
17133	33539	16452
17135	29348	15282
17137	35129	17761
17139	14927	7301
17141	52397	26103
17143	187112	90646
17145	21810	11572
17147	16495	8171
17149	16144	8053
17151	4331	2242
17153	5871	2868
17155	5822	2942
17157	33069	17902
17159	16127	8015
17161	147161	72422
17163	267029	128729
17165	24783	12036
17167	199016	95552
17169	7311	3894
17171	5198	2530
17173	22115	11012
17175	5859	2891
17177	46625	22568
17179	135697	66990
17181	17551	8746
17183	80368	39901
17185	11652	5685
17187	17701	8601
17189	14457	7242
17191	16555	8201
17193	14464	7006
17195	57525	28306
17197	683995	339609
17199	67121	33323
17201	290439	141776
17203	39106	19366
18001	34642	17102
18003	363453	177301
18005	79488	39534
18007	8752	4367
18009	12476	6155
18011	60511	29997
18013	15011	7521
18015	20014	9947
18017	38476	19243
18019	113181	55549
18021	26686	13079
18023	32835	16165
18025	10591	5347
18027	32411	16232
18029	49679	24766
18031	26240	12985
18033	42449	21132
18035	117335	56294
18037	42291	21113
18039	200685	99175
18041	23773	11747
18043	75900	36794
18045	16888	8461
18047	22935	11446
18049	20527	10256
18051	33668	16855
18053	68896	32990
18055	32815	16298
18057	296635	144898
18059	71328	34905
18061	39230	19612
18063	153435	76496
18065	49146	25371
18067	82765	39916
18069	36863	18116
18071	43471	21713
18073	33448	16591
18075	21255	10443
18077	32453	15535
18079	28113	14134
18081	145645	71670
18083	38062	19264
18085	77983	38870
18087	38084	19233
18089	491596	237712
18091	111280	57575
18093	45814	22637
18095	130280	65208
18097	926335	446372
18099	46962	23335
18101	10262	5176
18103	36211	19482
18105	142404	70830
18107	38172	19378
18109	69403	34338
18111	14057	7100
18113	47546	23826
18115	6033	3015
18117	19725	9783
18119	21192	10705
18121	17107	8098
18123	19414	10407
18125	12687	6373
18127	166570	81958
18129	25567	12708
18131	13047	6623
18133	37650	19967
18135	25596	12487
18137	28612	14064
18139	16991	8414
18141	267246	129457
18143	23783	11685
18145	44441	21899
18147	20856	10557
18149	23117	11395
18151	34267	17379
18153	21111	11540
18155	10500	5443
18157	180952	92366
18159	15573	7776
18161	7299	3681
18163	181305	87661
18165	15860	7785
18167	108268	54952
18169	32358	15894
18171	8367	4159
18173	60995	30171
18175	27930	13867
18177	67866	32924
18179	27796	13709
18181	24388	12107
18183	33330	16667
19001	7426	3667
19003	3892	1942
19005	14060	7169
19007	12669	6302
19009	5869	2858
19011	25803	12888
19013	132496	64707
19015	26401	13244
19017	24539	12103
19019	20998	10426
19021	20507	10516
19023	14966	7429
19025	9914	5065
19027	20629	10066
19029	13590	6661
19031	18375	9013
19033	43481	21284
19035	11853	5921
19037	12244	6149
19039	9280	4686
19041	16537	8133
19043	17806	8896
19045	48365	23788
19047	17252	8688
19049	74892	36706
19051	8742	4295
19053	8249	4115
19055	17507	8731
19057	40208	19611
19059	16967	8490
19061	95906	47401
19063	9917	4887
19065	20589	10338
19067	16050	7958
19069	10489	5243
19071	7106	3523
19073	9174	4481
19075	12407	6095
19077	10740	5318
19079	15297	7467
19081	11092	5575
19083	17393	8629
19085	14467	7170
19087	20080	10254
19089	9494	4702
19091	9674	4721
19093	7071	3561
19095	16344	8097
19097	19572	9733
19099	36726	18711
19101	17318	8981
19103	139436	69350
19105	20560	10674
19107	10291	5179
19109	15280	7629
19111	35369	17767
19113	216640	106827
19115	11271	5751
19117	8731	4376
19119	11723	5951
19121	15644	7796
19123	22396	11202
19125	33248	16527
19127	40962	20730
19129	14862	7507
19131	10762	5339
19133	9088	4518
19135	8002	4140
19137	10465	5035
19139	42913	21412
19141	14092	7048
19143	6211	3118
19145	15660	8072
19147	9208	4618
19149	24853	12269
19151	7127	3548
19153	452369	222477
19155	93213	45947
19157	18705	8987
19159	5061	2474
19161	10101	4967
19163	169994	83437
19165	11992	5886
19167	34509	17404
19169	93586	48551
19171	17479	8637
19173	6213	3136
19175	12575	6015
19177	7432	3799
19179	35315	17413
19181	47542	23326
19183	22017	10847
19185	6384	3092
19187	37295	19193
19189	10614	5222
19191	20884	10386
19193	102530	50448
19195	7563	3728
19197	12936	6446
20001	13081	6441
20003	7896	3921
20005	16633	7977
20007	4770	2396
20009	27399	13307
20011	14812	7324
20013	9880	4808
20015	66092	33192
20017	2722	1348
20019	3520	1804
20021	20952	10337
20023	2682	1352
20025	2145	1055
20027	8421	4145
20029	9339	4650
20031	8458	4246
20033	2010	1020
20035	36079	18184
20037	39304	19733
20039	2905	1455
20041	19516	9716
20043	7859	3992
20045	114967	57490
20047	2991	1528
20049	2683	1339
20051	28993	14452
20053	6410	3630
20055	37133	18884
20057	34714	17906
20059	25753	12675
20061	36787	19166
20063	2735	1385
20065	2593	1258
20067	7816	3957
20069	6065	2985
20071	1224	611
20073	6393	3120
20075	2586	1342
20077	5861	2954
20079	34835	17026
20081	4130	2078
20083	1939	972
20085	13400	6667
20087	18898	9610
20089	3038	1516
20091	566814	277330
20093	3952	2125
20095	7790	3926
20097	2536	1245
20099	21048	10378
20101	1674	817
20103	78227	41806
20105	3154	1566
20107	9528	4659
20109	2793	1406
20111	33462	16262
20113	29252	14511
20115	12290	6087
20117	10005	4998
20119	4383	2258
20121	32688	16097
20123	6296	3208
20125	34184	16851
20127	5750	2855
20129	3106	1648
20131	10159	5107
20133	16423	8055
20135	3077	1561
20137	5590	3182
20139	16080	8018
20141	3782	1874
20143	6048	3134
20145	6911	3966
20147	5501	2686
20149	22625	11209
20151	9739	4873
20153	2545	1293
20155	64058	32262
20157	4806	2355
20159	10014	5053
20161	75022	40002
20163	5186	2537
20165	3184	1593
20167	6988	3516
20169	55735	27546
20171	4928	2399
20173	506529	250929
20175	23274	11839
20177	178792	86783
20179	2531	1321
20181	6054	2933
20183	3740	1835
20185	4320	2161
20187	2149	993
20189	5772	2920
20191	23638	11694
20193	7925	3900
20195	2951	1435
20197	6997	3559
20199	1595	789
20201	5686	2885
20203	2204	1150
20205	9061	4477
20207	3211	1606
20209	160806	79445
21001	18852	9308
21003	20355	10014
21005	21761	10599
21007	8256	4098
21009	42925	20895
21011	11978	5947
21013	27950	13581
21015	124617	61530
21017	20013	9878
21019	48917	24241
21021	29388	14607
21023	8425	4203
21025	13591	6829
21027	20061	9945
21029	76961	38049
21031	12835	6450
21033	12826	6191
21035	38106	18379
21037	91475	44858
21039	4984	2402
21041	10830	5590
21043	27326	13502
21045	15954	7857
21047	74159	38891
21049	35657	17464
21051	21300	11415
21053	10188	5052
21055	9222	4625
21057	6807	3313
21059	98173	47590
21061	12105	6077
21063	7725	4345
21065	14476	7118
21067	308306	151459
21069	14544	7179
21071	38649	19048
21073	49778	24271
21075	6422	3169
21077	8567	4289
21079	16976	8332
21081	24670	12239
21083	37502	18263
21085	26001	12950
21087	11149	5455
21089	36477	17709
21091	8669	4448
21093	107529	53651
21095	28400	13877
21097	18648	9105
21099	18441	9109
21101	46396	22456
21103	15455	7698
21105	4720	2245
21107	46518	22603
21109	13357	6650
21111	755809	364719
21113	50328	24638
21115	23350	11406
21117	163007	80417
21119	16000	7942
21121	31809	15487
21123	14149	6949
21125	59751	29281
21127	15821	7836
21129	7119	3752
21131	10997	5428
21133	23671	11632
21135	13790	6899
21137	24498	11827
21139	9394	4636
21141	26851	13283
21143	8402	4588
21145	65408	31320
21147	18001	9863
21149	9500	4699
21151	85838	41648
21153	12979	6515
21155	19717	9994
21157	31181	15341
21159	12631	7020
21161	17296	8471
21163	29098	14672
21165	6343	3279
21167	21342	10537
21169	9985	4942
21171	10765	5344
21173	27167	13368
21175	13428	7477
21177	31309	15881
21179	44564	22027
21181	7075	3448
21183	24065	11989
21185	63037	33307
21187	10711	5258
21189	4616	2156
21191	14514	7237
21193	28041	13848
21195	63434	31019
21197	12447	6114
21199	63635	31151
21201	2208	1100
21203	16942	8313
21205	23608	11316
21207	17669	8644
21209	50178	24733
21211	44290	21324
21213	17704	8717
21215	17577	8801
21217	24993	12128
21219	12524	6255
21221	14250	6980
21223	8783	4363
21225	15138	7800
21227	118950	57981
21229	11910	5849
21231	20655	10244
21233	13357	6664
21235	35794	17493
21237	7261	3556
21239	25317	12254
22001	62163	30023
22003	25653	14784
22005	114738	56848
22007	23057	11206
22009	41389	20692
22011	36259	18513
22013	13977	6695
22015	123403	60921
22017	254742	121129
22019	195887	95567
22021	9990	5270
22023	6706	3272
22025	10247	5483
22027	16639	9524
22029	20449	10375
22031	26965	12944
22033	444690	213266
22035	7501	4272
22037	19855	10666
22039	33768	17197
22041	20550	9993
22043	22362	12523
22045	73938	36017
22047	33229	16949
22049	16109	8288
22051	435092	211216
22053	31434	15550
22055	231811	113159
22057	97474	47888
22059	14899	7702
22061	47349	23005
22063	133949	65803
22065	11873	5921
22067	27012	12904
22069	39330	18765
22071	376738	180183
22073	155769	74555
22075	23599	11676
22077	22498	10757
22079	132225	63862
22081	8838	4305
22083	20777	10062
22085	24248	12059
22087	42858	21298
22089	52639	25699
22091	10818	5254
22093	21650	10426
22095	44161	21467
22097	83613	40129
22099	53126	26136
22101	53441	26345
22103	242960	117970
22105	125486	60890
22107	4893	2362
22109	112742	55725
22111	22533	11112
22113	59110	28523
22115	52476	27435
22117	46556	22872
22119	40617	19722
22121	24669	12159
22123	11454	5764
22125	15415	10228
22127	14855	7851
23001	107393	52597
23003	70005	34592
23005	286119	139036
23007	30402	14937
23009	54658	26696
23011	121112	58759
23013	39723	19682
23015	34156	16673
23017	57421	28446
23019	153437	75714
23021	17156	8552
23023	35092	16894
23025	51577	25399
23027	38976	19155
23029	32191	15874
23031	199682	97075
24001	73549	38300
24003	555280	274800
24005	822959	389418
24009	90114	44495
24011	32661	15835
24013	167444	82754
24015	101960	50644
24017	152754	73731
24019	32534	15542
24021	241373	119038
24023	29813	14765
24025	248966	121798
24027	304115	149157
24029	19923	9382
24031	1017859	490093
24033	892816	429603
24035	48600	24024
24037	109614	54662
24039	25980	14150
24041	37799	17811
24043	149270	76058
24045	101182	48199
24047	51519	25018
24510	622454	293366
25001	214766	102244
25003	129288	62393
25005	552763	267650
25007	17048	8443
25009	763849	367791
25011	71144	34759
25013	468041	225611
25015	160759	75286
25017	1556116	758542
25019	10556	5589
25021	687721	329431
25023	503681	245337
25025	758919	366767
25027	810935	399807
26001	10550	5310
26003	9476	5218
26005	112837	56205
26007	29068	14276
26009	23267	11587
26011	15424	7813
26013	8690	5265
26015	59147	29733
26017	106698	52513
26019	17437	8708
26021	155565	76026
26023	43706	22539
26025	134790	65845
26027	51952	26159
26029	26134	12903
26031	25690	12791
26033	38586	21156
26035	30710	15163
26037	76905	37952
26039	13895	7024
26041	36712	18172
26043	26012	12886
26045	108341	52842
26047	33018	16303
26049	415874	200473
26051	25501	12818
26053	15824	8556
26055	89907	44272
26057	41878	22213
26059	46178	22972
26061	36660	19876
26063	32290	16041
26065	283491	137614
26067	64064	33917
26069	25401	12678
26071	11507	5687
26073	70669	34271
26075	159759	81765
26077	256752	125558
26079	17230	8770
26081	622590	305818
26083	2198	1145
26085	11426	5831
26087	88235	44477
26089	21772	10717
26091	98902	50231
26093	184591	92258
26095	6477	3788
26097	11044	5589
26099	854689	415691
26101	24536	12714
26103	67582	34150
26105	28711	14286
26107	43301	21784
26109	23717	11972
26111	83624	41115
26113	14988	7658
26115	150436	74065
26117	63004	32482
26119	9401	4798
26121	171483	85094
26123	48029	24156
26125	1229503	597097
26127	26229	13277
26129	21222	10593
26131	6298	3239
26133	23234	11728
26135	8444	4346
26137	24141	11911
26139	273136	134515
26141	13037	6502
26143	24068	11989
26145	196479	95216
26147	160429	79585
26149	61022	30279
26151	42014	20843
26153	8288	4102
26155	69113	34144
26157	54420	27243
26159	75351	37287
26161	354092	174855
26163	1778969	855112
26165	32751	16421
27001	15839	8064
27003	338764	169586
27005	33138	16601
27007	45434	22740
27009	39221	19500
27011	5134	2496
27013	65125	32760
27015	25391	12620
27017	35443	18256
27019	95715	47387
27021	28519	14512
27023	12154	5984
27025	53834	27832
27027	60879	30072
27029	8752	4429
27031	5194	2602
27033	11632	5685
27035	63048	31459
27037	408456	200534
27039	20290	10144
27041	36620	18331
27043	14230	7165
27045	20843	10445
27047	30897	15304
27049	46377	23098
27051	5961	2985
27053	1197776	589781
27055	18812	9405
27057	20574	10282
27059	38296	19300
27061	45354	22949
27063	10211	5154
27065	16003	8121
27067	42444	21336
27069	4480	2251
27071	13054	6535
27073	7023	3526
27075	10750	5451
27077	3949	2032
27079	27707	14008
27081	5808	2918
27083	25699	12818
27085	36046	17888
27087	5496	2772
27089	9453	4793
27091	20350	10050
27093	23129	11675
27095	25809	12980
27097	32962	16663
27099	39227	19579
27101	8529	4227
27103	33086	16492
27105	21687	11190
27107	6692	3353
27109	148736	72773
27111	57511	28840
27113	14110	7087
27115	29218	15605
27117	9354	4550
27119	31547	15940
27121	10948	5550
27123	527411	256288
27125	4061	2067
27127	15723	7898
27129	15171	7715
27131	64886	33038
27133	9563	4651
27135	15615	7991
27137	200506	100791
27139	137322	68449
27141	90401	46062
27143	15021	7611
27145	152595	76804
27147	36523	17915
27149	9771	4896
27151	9525	4803
27153	24466	12500
27155	3429	1698
27157	21381	10777
27159	13759	6820
27161	19076	9162
27163	246670	121924
27165	11054	5468
27167	6526	3316
27169	51213	25183
27171	128691	64704
27173	10092	5170
28001	31979	16214
28003	37319	18250
28005	12840	6355
28007	19175	9024
28009	8470	4124
28011	33803	15874
28013	14789	7124
28015	10338	5196
28017	17391	8367
28019	8354	4065
28021	9330	4329
28023	16362	7740
28025	20279	9435
28027	25254	11681
28029	28921	13941
28031	19471	9341
28033	168586	81857
28035	76267	36274
28037	7857	3833
28039	23104	11648
28041	14129	8409
28043	21591	10275
28045	45627	22367
28047	196268	97348
28049	245874	115233
28051	18772	8945
28053	8984	4278
28055	1291	845
28057	23451	11650
28059	140676	69185
28061	16588	8058
28063	7586	3683
28065	11941	5684
28067	68276	33051
28069	10211	5103
28071	51169	24919
28073	58885	28624
28075	79832	38764
28077	12586	6181
28079	23153	11588
28081	85036	40489
28083	31516	15051
28085	34765	16653
28087	59699	28469
28089	100202	47918
28091	26109	12711
28093	36385	17918
28095	36175	17273
28097	10464	4907
28099	29553	14185
28101	21663	10217
28103	11143	5346
28105	49048	24592
28107	34373	16584
28109	55196	27271
28111	12187	5924
28113	40075	19003
28115	30517	15353
28117	25380	12413
28119	7761	3751
28121	146761	70809
28123	28293	13706
28125	4805	2139
28127	27401	13373
28129	16257	7830
28131	17978	9140
28133	27911	14594
28135	14959	8907
28137	28415	13835
28139	22054	10848
28141	19539	9420
28143	10477	4916
28145	27811	13525
28147	14978	7347
28149	48020	22838
28151	49499	23204
28153	20564	10008
28155	9999	4917
28157	9345	4919
28159	18697	9058
28161	12381	6040
28163	27911	15460
29001	25560	12147
29003	17328	8586
29005	5440	2702
29007	25783	11730
29009	35726	17905
29011	12166	6001
29013	16643	8189
29015	18854	9397
29017	12356	6184
29019	170770	82533
29021	89561	44809
29023	42951	20753
29025	9083	4548
29027	44566	22656
29029	43927	21638
29031	77606	37569
29033	9096	4410
29035	6284	2995
29037	100781	49384
29039	13892	6918
29041	7650	3773
29043	80904	39288
29045	6919	3495
29047	230361	112738
29049	20498	10296
29051	76533	38701
29053	17593	9328
29055	24660	12170
29057	7618	3881
29059	16564	8284
29061	8277	4178
29063	12782	8080
29065	15612	7651
29067	13516	6743
29069	31562	15220
29071	101828	50610
29073	14948	7405
29075	6785	3275
29077	283206	137929
29079	10256	4916
29081	8722	4379
29083	22034	10798
29085	9335	4594
29087	4615	2301
29089	10182	5086
29091	40326	19514
29093	10322	5105
29095	680905	329297
29097	117184	57240
29099	221577	110157
29101	54155	27818
29103	4035	2016
29105	35514	17552
29107	32916	16260
29109	38244	19124
29111	10172	5123
29113	53850	26831
29115	12401	5904
29117	15042	6787
29119	22763	11565
29121	15460	7540
29123	12401	6068
29125	9057	4550
29127	28840	13850
29129	3718	1856
29131	24956	12272
29133	14208	7650
29135	15801	8277
29137	8680	4367
29139	11939	5927
29141	20225	10179
29143	18411	8828
29145	58777	29111
29147	23186	11550
29149	10979	5389
29151	13758	7190
29153	9537	4839
29155	17837	8445
29157	19100	9498
29159	42215	20721
29161	45029	23557
29163	18517	10273
29165	93394	46047
29167	31107	15231
29169	53443	30390
29171	4895	2454
29173	10243	5150
29175	25135	13159
29177	23031	11480
29179	6578	3372
29181	13990	6925
29183	374805	184139
29185	9520	4819
29186	17990	9072
29187	66010	35586
29189	1001327	474150
29195	23334	11665
29197	4395	2135
29199	4873	2422
29201	39061	19062
29203	8317	4111
29205	6179	3066
29207	29837	14499
29209	31375	15358
29211	6512	3301
29213	53555	25998
29215	25735	13296
29217	20878	10093
29219	33043	16584
29221	25048	12920
29223	13397	6676
29225	36690	18691
29227	2082	1021
29229	18449	9087
29510	317850	153641
30001	9291	4716
30003	13141	6547
30005	6598	3285
30007	5692	2903
30009	10268	5140
30011	1227	623
30013	82090	41098
30015	5855	2917
30017	11945	5952
30019	1758	891
30021	9365	4924
30023	9211	4945
30025	3057	1568
30027	11468	5807
30029	93333	46583
30031	95323	49111
30033	1047	498
30035	13672	6672
30037	756	364
30039	3168	1626
30041	16523	8374
30043	11502	5965
30045	1997	1041
30047	29157	14342
30049	65357	32482
30051	2369	1160
30053	19337	9714
30055	1728	925
30057	7767	4082
30059	1898	903
30061	4238	2133
30063	111966	56328
30065	4790	2389
30067	15708	7896
30069	443	232
30071	4167	2086
30073	6206	3068
30075	1703	840
30077	6975	4318
30079	1372	733
30081	40823	20247
30083	11132	5699
30085	11072	5544
30087	9352	4565
30089	11346	5846
30091	3630	1837
30093	34549	17539
30095	9288	4703
30097	3633	1772
30099	6074	3011
30101	5150	2939
30103	812	432
30105	7577	3802
30107	2115	1087
30109	986	485
30111	153692	75474
31001	31442	15829
31003	6486	3229
31005	448	223
31007	820	399
31009	551	293
31011	5373	2670
31013	11310	5736
31015	2039	1032
31017	3078	1467
31019	47958	23881
31021	6647	3273
31023	8256	4162
31025	25360	12729
31027	8675	4396
31029	3897	1892
31031	5770	2726
31033	10077	4960
31035	6382	3225
31037	10522	5445
31039	9078	4514
31041	10802	5353
31043	20798	10100
31045	9136	4401
31047	24069	12142
31049	1946	977
31051	5866	2917
31053	36725	17956
31055	537655	264652
31057	2015	1045
31059	5697	2821
31061	3105	1562
31063	2573	1306
31065	4887	2376
31067	21818	10793
31069	1823	891
31071	1933	952
31073	1976	947
31075	769	392
31077	2476	1236
31079	60792	30430
31081	9100	4550
31083	3458	1821
31085	1084	592
31087	2879	1471
31089	10398	5151
31091	681	331
31093	6347	3234
31095	7433	3642
31097	5167	3070
31099	6549	3227
31101	8146	4073
31103	711	368
31105	3720	1847
31107	8556	4162
31109	298080	149454
31111	35896	17721
31113	851	412
31115	548	272
31117	433	223
31119	35111	17387
31121	7776	3826
31123	4874	2491
31125	3639	1806
31127	7168	3481
31129	4391	2175
31131	15842	7841
31133	2726	1382
31135	2924	1444
31137	9216	4599
31139	7184	3632
31141	32642	16580
31143	5271	2632
31145	10946	5480
31147	8201	4081
31149	1401	679
31151	14360	7438
31153	169192	84574
31155	20913	10568
31157	36684	17699
31159	16998	8690
31161	5294	2608
31163	3107	1534
31165	1249	651
31167	6081	3037
31169	5182	2553
31171	675	356
31173	6946	3430
31175	4254	2129
31177	20257	9976
31179	9425	4839
31181	3697	1793
31183	847	432
31185	13825	6832
32001	24252	12368
32003	2035572	1019927
32005	47259	23755
32007	51562	26951
32009	1141	520
32011	1669	797
32013	17067	8971
32015	5946	3231
32017	5194	2854
32019	51657	26001
32021	4566	2433
32023	42625	21179
32027	6722	4455
32029	3929	1882
32031	435019	218795
32033	9974	5657
32510	54482	27959
33001	60399	29573
33003	47513	23712
33005	76430	37155
33007	31870	16226
33009	89341	44024
33011	403972	200201
33013	147262	72470
33015	299006	147837
33017	125273	61104
33019	43135	21182
34001	275376	133217
34003	926330	448049
34005	450556	221673
34007	511998	247370
34009	95805	46617
34011	157035	80938
34013	791609	380222
34015	290298	141053
34017	662619	329204
34019	126250	62901
34021	370212	181158
34023	830300	408374
34025	629185	306200
34027	498192	244074
34029	583450	280258
34031	507574	247026
34033	65120	31653
34035	330604	161252
34037	145930	72391
34039	548744	267263
34041	107226	52134
35001	673943	330578
35003	3583	1904
35005	65811	32746
35006	27382	13817
35007	12997	6510
35009	50497	26088
35011	2020	907
35013	213963	105321
35015	55641	28251
35017	29119	14383
35019	4526	2620
35021	565	292
35023	4643	2313
35025	68149	35007
35027	19931	9898
35028	17939	9179
35029	24789	12353
35031	73998	35681
35033	4660	2226
35035	65318	33379
35037	8698	4216
35039	39949	19625
35041	19908	10076
35043	136638	67141
35045	125133	62024
35047	28668	14230
35049	147108	71649
35051	11615	5822
35053	17494	9115
35055	32943	16073
35057	15853	8258
35059	4339	2422
35061	76297	38310
36001	307463	148776
36003	48070	24313
36005	1428357	672447
36007	198093	97363
36009	78962	39089
36011	79173	40576
36013	132646	65776
36015	88267	43776
36017	49549	24678
36019	81685	42107
36021	62195	31244
36023	49043	23921
36025	46901	23515
36027	296928	147663
36029	921584	445761
36031	38912	20283
36033	51280	28253
36035	54606	27217
36037	59458	29617
36039	48312	24996
36041	4760	2406
36043	64034	31598
36045	118947	61875
36047	2595259	1229001
36049	27124	13715
36051	64801	32469
36053	72427	35647
36055	749356	362021
36057	49779	24504
36059	1354612	656738
36061	1629507	769434
36063	214150	104173
36065	233558	116334
36067	468304	226176
36069	109192	53574
36071	375384	187873
36073	42204	21001
36075	121183	60691
36077	61399	29873
36079	99488	49597
36081	2301139	1115459
36083	159900	78944
36085	472481	228703
36087	320688	157250
36089	112011	57007
36091	223774	110362
36093	154796	75210
36095	31913	15946
36097	18410	9262
36099	35144	18527
36101	98665	48887
36103	1501373	739210
36105	76330	38992
36107	50199	24794
36109	103855	51125
36111	181300	90169
36113	65180	31977
36115	62700	32471
36117	92416	45726
36119	967315	466996
36121	41446	22442
36123	25187	12271
37001	155258	74019
37003	37158	19042
37005	10911	5416
37007	26135	13693
37009	27114	13389
37011	17695	9673
37013	47561	22645
37015	20518	10429
37017	34720	16491
37019	115926	56359
37021	247336	118950
37023	89548	44499
37025	188375	91929
37027	81758	40178
37029	10161	5114
37031	68228	33481
37033	23174	11711
37035	154610	75784
37037	67431	33001
37039	27092	13267
37041	14656	7039
37043	10656	5081
37045	97178	46587
37047	57230	28199
37049	104450	52755
37051	324603	158270
37053	24492	12201
37055	34863	17146
37057	163867	80308
37059	41447	20192
37061	59453	29280
37063	288817	138537
37065	55280	25693
37067	361684	171662
37069	62296	30917
37071	209807	101627
37073	11724	5791
37075	8700	4253
37077	58109	29595
37079	21328	11499
37081	506763	240753
37083	53407	25620
37085	124320	61281
37087	59170	28638
37089	109719	53143
37091	24368	12032
37093	51075	25202
37095	5693	3097
37097	165066	81281
37099	40812	20055
37101	178396	87648
37103	10166	4966
37105	59418	29090
37107	58782	27973
37109	79578	39434
37111	44961	22696
37113	33919	16455
37115	21027	10461
37117	23729	11186
37119	990288	476765
37121	15330	7512
37123	27601	13393
37125	91743	44062
37127	94722	45521
37129	213091	102777
37131	21011	10164
37133	183753	99526
37135	138644	66199
37137	12982	6685
37139	40018	19623
37141	55166	27596
37143	13498	6402
37145	39262	19088
37147	173798	82005
37149	20327	9808
37151	142370	70316
37153	46046	22459
37155	134871	65273
37157	92300	44553
37159	138361	68359
37161	66865	32462
37163	63873	31398
37165	35932	17774
37167	60586	30324
37169	46661	22837
37171	73170	35843
37173	14163	6808
37175	32928	15981
37177	4152	2413
37179	213422	105500
37181	44829	20984
37183	976019	474967
37185	20468	10316
37187	12668	5828
37189	52240	26035
37191	124355	61106
37193	68946	33990
37195	81581	38776
37197	37971	18706
37199	17604	8561
38001	2341	1184
38003	11097	5524
38005	6794	3497
38007	969	582
38009	6634	3492
38011	3221	1560
38013	2208	1209
38015	88223	43809
38017	162500	81905
38019	3890	1959
38021	5195	2610
38023	2314	1170
38025	4195	2221
38027	2370	1112
38029	3463	1738
38031	3366	1674
38033	1822	870
38035	68979	35439
38037	2362	1170
38039	2329	1172
38041	2621	1252
38043	2430	1279
38045	4113	2149
38047	1945	943
38049	5817	3046
38051	2759	1341
38053	9615	5077
38055	9451	4783
38057	8633	4469
38059	28985	14737
38061	9253	5086
38063	3048	1572
38065	1819	944
38067	7206	3694
38069	4395	2220
38071	11566	5892
38073	5453	2788
38075	2562	1294
38077	16317	8414
38079	14498	7120
38081	3874	2038
38083	1337	668
38085	4380	2215
38087	673	376
38089	28628	14859
38091	1979	1034
38093	21076	10697
38095	2294	1129
38097	8077	4052
38099	11005	5635
38101	67736	35076
38103	4204	2121
38105	29619	16066
39001	28229	13957
39003	105196	52977
39005	53189	26020
39007	99777	50062
39009	64974	32482
39011	45873	22745
39013	69560	35479
39015	44247	21878
39017	372538	182470
39019	28361	14173
39021	39393	19653
39023	136827	66217
39025	200285	98883
39027	41892	20714
39029	105987	53166
39031	36724	18291
39033	42725	20808
39035	1263189	600864
39037	52356	25694
39039	38669	19215
39041	185433	91762
39043	76141	37232
39045	149112	74128
39047	28769	14190
39049	1215761	592278
39051	42485	20969
39053	30565	14900
39055	93874	46161
39057	164192	80590
39059	39626	19475
39061	804194	386561
39063	75428	36940
39065	31736	15789
39067	15633	7704
39069	28015	13815
39071	43170	21308
39073	28914	14521
39075	43436	21746
39077	58937	29086
39079	32854	16082
39081	68053	32976
39083	61004	29869
39085	229437	112045
39087	61827	30202
39089	168693	82562
39091	45484	22402
39093	303152	149303
39095	436261	211587
39097	43456	23851
39099	234550	114040
39101	65943	35022
39103	174831	86190
39105	23473	11556
39107	40863	20523
39109	103517	50902
39111	14547	7276
39113	533763	256680
39115	14913	7421
39117	34996	17515
39119	86016	41796
39121	14508	8359
39123	41162	20432
39125	19165	9530
39127	36025	18035
39129	56515	29866
39131	28396	14207
39133	161897	79107
39135	41682	20643
39137	34184	17110
39139	122312	61944
39141	77334	40627
39143	60187	29717
39145	78017	38655
39147	55929	27944
39149	49067	24590
39151	374979	181905
39153	541847	262467
39155	206373	100568
39157	92697	45715
39159	53470	25523
39161	28576	13984
39163	13234	6643
39165	219916	110375
39167	61351	30112
39169	115371	57126
39171	37386	18604
39173	128885	63329
39175	22467	11073
40001	22236	11098
40003	5755	3454
40005	13906	7307
40007	5530	2733
40009	23300	12515
40011	9810	5239
40013	44003	21412
40015	29495	15339
40017	126193	62570
40019	48442	23465
40021	48097	23764
40023	15120	7324
40025	2341	1164
40027	268614	134102
40029	5812	2852
40031	125531	65098
40033	6112	3042
40035	14744	7545
40037	70761	35084
40039	28978	14515
40041	41409	20465
40043	4863	2468
40045	4121	2051
40047	62192	30902
40049	27455	13516
40051	53612	26570
40053	4517	2228
40055	6117	3570
40057	2866	1408
40059	3766	1884
40061	12850	6361
40063	13785	7450
40065	26056	12887
40067	6333	3207
40069	11022	5406
40071	45587	22556
40073	15302	7651
40075	9302	4599
40077	10774	5462
40079	49899	25046
40081	34504	17171
40083	44493	21995
40085	9663	4742
40087	36512	18217
40089	33143	16260
40091	20280	10013
40093	7700	3854
40095	16014	7979
40097	41007	20370
40099	13733	6832
40101	70224	34335
40103	11506	5626
40105	10555	5211
40107	12248	6585
40109	754480	369112
40111	39446	19604
40113	48054	24068
40115	32085	15750
40117	16499	8264
40119	79423	40596
40121	44961	22859
40123	38055	18595
40125	71136	33906
40127	11226	5503
40129	3780	1888
40131	89190	44355
40133	25481	12450
40135	41464	20506
40137	44806	21808
40139	21588	11340
40141	7715	3953
40143	623335	303789
40145	75391	37173
40147	51760	25011
40149	11649	5832
40151	9033	4911
40153	20986	11172
41001	16052	8163
41003	86495	43624
41005	389438	191639
41007	37382	18526
41009	49389	24694
41011	62775	30828
41013	20956	10352
41015	22338	10878
41017	166622	82129
41019	107194	52932
41021	1883	940
41023	7276	3594
41025	7229	3632
41027	22749	11326
41029	208363	101395
41031	22061	11313
41033	83409	40834
41035	65972	32815
41037	7842	4201
41039	357060	175470
41041	46347	22551
41043	118971	58803
41045	30551	16697
41047	323259	160907
41049	11204	5800
41051	768418	379725
41053	77264	37171
41055	1795	903
41057	25430	12875
41059	76738	40004
41061	25745	12664
41063	6857	3368
41065	25492	12634
41067	556210	273743
41069	1348	654
41071	101119	50669
42001	101767	50307
42003	1231145	592511
42005	67979	33786
42007	169785	82231
42009	49086	24504
42011	413965	203262
42013	126448	61668
42015	62228	30666
42017	626583	307126
42019	185689	91628
42021	139381	68740
42023	4869	2426
42025	64634	31860
42027	157823	82583
42029	509797	250671
42031	39454	19216
42033	81343	42338
42035	39614	19271
42037	66912	32181
42039	87343	42688
42041	241427	119074
42043	271094	131140
42045	561683	269512
42047	31370	15557
42049	279858	137907
42051	134851	66332
42053	7581	5551
42055	152285	74663
42057	14694	7405
42059	37938	19652
42061	45906	24284
42063	87895	44252
42065	44756	22240
42067	24829	12384
42069	213459	103058
42071	530216	259423
42073	89162	43042
42075	135776	66380
42077	356756	173680
42079	320095	157486
42081	116656	57292
42083	42884	22029
42085	115320	56734
42087	46675	22971
42089	167881	82806
42091	812970	394888
42093	18508	8954
42095	299616	146756
42097	94006	47525
42099	45677	22981
42101	1555072	734521
42103	56632	28249
42105	17377	8696
42107	146360	74521
42109	40046	19828
42111	76617	39695
42113	6381	3317
42115	42369	21316
42117	42284	20994
42119	44958	24755
42121	53906	26484
42123	40962	20500
42125	208226	101743
42127	51642	27420
42129	361251	176227
42131	28147	14134
42133	439660	217323
44001	49176	23646
44003	164958	79650
44005	82663	40559
44007	630459	305247
44009	126405	61286
45001	24997	12308
45003	163908	79318
45005	9838	5225
45007	191215	92287
45009	15432	7359
45011	22098	10290
45013	171420	84523
45015	193613	96518
45017	14958	7237
45019	372904	180654
45021	55863	27102
45023	32556	15902
45025	46192	22565
45027	34178	16759
45029	38004	18196
45031	67922	32091
45033	31435	14878
45035	145715	70881
45037	26466	14234
45039	23108	11060
45041	138330	64688
45043	60572	28819
45045	474903	230780
45047	69771	32567
45049	20473	10561
45051	290730	141358
45053	26549	13344
45055	62722	30405
45057	81263	39803
45059	66389	32264
45061	18461	9641
45063	273843	133755
45065	9895	5442
45067	32167	14778
45069	27993	14930
45071	37690	18375
45073	74949	36975
45075	90575	42660
45077	120124	59831
45079	397899	193206
45081	20000	10206
45083	291240	141396
45085	107777	51732
45087	28125	13467
45089	33238	16166
45091	240076	115873
46003	2729	1408
46005	18168	9072
46007	3438	1659
46009	7013	4053
46011	33046	16834
46013	38060	18591
46015	5330	2621
46017	2038	1027
46019	10292	5086
46021	1548	731
46023	9239	4598
46025	3625	1846
46027	14011	7009
46029	27750	13969
46031	4149	2123
46033	8394	4195
46035	19787	9961
46037	5618	2832
46039	4341	2251
46041	5579	2718
46043	2973	1463
46045	4018	1978
46047	6906	3503
46049	2359	1238
46051	7227	3779
46053	4226	2153
46055	2083	1054
46057	5982	3021
46059	3375	1708
46061	3386	1727
46063	1328	692
46065	17466	8493
46067	7226	3586
46069	1413	702
46071	3237	1595
46073	2031	962
46075	781	390
46077	5107	2590
46079	12086	6149
46081	24645	12202
46083	49874	24825
46085	3837	2027
46087	5613	2811
46089	2263	1165
46091	4701	2443
46093	26381	13823
46095	2086	1042
46097	2306	1172
46099	178942	89658
46101	6439	3227
46102	14153	6809
46103	106085	53101
46105	2981	1506
46107	2307	1098
46109	10318	5167
46111	2339	1224
46115	6570	3323
46117	2962	1495
46119	1469	823
46121	9942	4862
46123	5504	2780
46125	8302	4176
46127	14842	7476
46129	5495	2688
46135	22636	11796
46137	2833	1391
47001	75430	36585
47003	45986	22691
47005	16261	8010
47007	13686	7677
47009	125188	60612
47011	102062	49664
47013	40176	19455
47015	13787	6783
47017	28353	13818
47019	56941	27856
47021	39422	19553
47023	17324	8297
47025	31748	15556
47027	7780	3820
47029	35321	17241
47031	53448	26000
47033	14600	6906
47035	57455	28022
47037	658506	317582
47039	11686	5687
47041	19038	9515
47043	50472	24762
47045	38054	18422
47047	38814	19133
47049	17931	8783
47051	41138	20046
47053	49572	23577
47055	28949	14161
47057	22736	11318
47059	68576	33463
47061	13524	6687
47063	62999	30693
47065	348121	167812
47067	6642	3279
47069	26253	14297
47071	25900	12619
47073	56595	27682
47075	18248	8544
47077	28013	13465
47079	32269	15657
47081	24283	12745
47083	8290	4098
47085	18240	9048
47087	11496	5816
47089	52490	25876
47091	18017	9643
47093	444348	215996
47095	7687	4937
47097	27427	14296
47099	42226	20757
47101	11944	6016
47103	33550	16431
47105	50229	24438
47107	52506	25513
47109	26103	12684
47111	22761	11209
47113	98184	46495
47115	28306	13861
47117	31159	15339
47119	84089	40561
47121	11716	5755
47123	45293	22675
47125	185980	92677
47127	6351	3073
47129	21794	12150
47131	31129	14945
47133	22100	10878
47135	7864	3948
47137	5097	2505
47139	16687	8370
47141	73810	36303
47143	32394	16022
47145	53162	26021
47147	67426	33086
47149	282558	139456
47151	22043	10789
47153	14592	7172
47155	93617	45866
47157	937750	447161
47159	19136	9479
47161	13286	6668
47163	156752	75894
47165	169623	82811
47167	61674	30506
47169	7884	3938
47171	18069	8945
47173	19096	9501
47175	5596	2791
47177	40015	19801
47179	125317	60955
47181	16897	9295
47183	34415	16743
47185	26252	12845
47187	199456	97258
47189	122445	59985
48001	57915	35469
48003	16775	8557
48005	87748	42886
48007	24292	12031
48009	8779	4374
48011	1943	977
48013	47050	23397
48015	28886	14386
48017	7126	3692
48019	20796	10387
48021	76948	39211
48023	3628	1765
48025	32659	19722
48027	326041	162705
48029	1825502	897690
48031	10723	5398
48033	705	362
48035	17971	8853
48037	93155	47014
48039	331741	168196
48041	205271	104060
48043	9235	4434
48045	1670	871
48047	7221	3744
48049	37833	18768
48051	17293	8611
48053	44144	21891
48055	39347	19907
48057	21666	10840
48059	13532	6615
48061	417947	201583
48063	12516	6105
48065	6068	2926
48067	30328	14717
48069	7948	4053
48071	37251	18691
48073	51167	26098
48075	7059	4050
48077	10479	5265
48079	2993	1519
48081	3238	1667
48083	8536	4223
48085	862215	423260
48087	3058	1490
48089	20757	10231
48091	119632	59187
48093	13623	6673
48095	4086	2726
48097	38761	19129
48099	76128	37681
48101	1510	786
48103	4730	2368
48105	3699	1854
48107	6007	2926
48109	2296	1124
48111	7014	3752
48113	2485003	1225722
48115	13542	7670
48117	19245	9491
48119	5223	2586
48121	731851	360112
48123	20540	10795
48125	2281	1222
48127	10682	5185
48129	3588	1766
48131	11577	6038
48133	18328	8979
48135	149557	75182
48137	1906	854
48139	157058	77570
48141	831095	406117
48143	40039	19692
48145	17410	8192
48147	33748	17810
48149	24849	12267
48151	3858	1826
48153	6178	3020
48155	1197	591
48157	658331	323468
48159	10599	5383
48161	19586	10230
48163	18168	10723
48165	18916	9556
48167	308163	152405
48169	6410	4247
48171	25398	12385
48173	1180	655
48175	7410	3653
48177	20172	10122
48179	22983	12253
48181	122780	59917
48183	123178	60328
48185	26961	14823
48187	143460	70832
48189	35504	18337
48191	3203	1605
48193	8266	4040
48195	5559	2787
48197	3992	1935
48199	55375	27325
48201	4356362	2166727
48203	66417	32594
48205	6121	3771
48207	5853	3342
48209	177562	88420
48211	4115	2021
48213	79016	38598
48215	819217	399234
48217	34923	17174
48219	23322	11489
48221	53171	26267
48223	35645	17589
48225	22949	12227
48227	36105	20496
48229	3330	1645
48231	88052	43515
48233	21858	10970
48235	1644	824
48237	8946	5121
48239	14486	7060
48241	35768	17328
48243	2232	1093
48245	252872	129292
48247	5239	2651
48249	41461	20450
48251	155450	77610
48253	19978	12652
48255	14879	8799
48257	109289	53588
48259	37361	17951
48261	565	295
48263	821	423
48265	50149	24194
48267	4486	2239
48269	267	136
48271	3577	2092
48273	32029	16601
48275	3796	1902
48277	49566	24057
48279	13742	6966
48281	20219	9908
48283	7191	4021
48285	19549	9456
48287	16664	8393
48289	16819	8308
48291	77486	38184
48293	23454	12091
48295	3483	1866
48297	11873	6421
48299	19323	9219
48301	117	74
48303	290782	143698
48305	5764	2902
48307	8273	4086
48309	241505	117708
48311	778	405
48313	13838	8648
48315	10248	4900
48317	5252	2624
48319	4066	2196
48321	36598	18119
48323	56548	27870
48325	47392	24482
48327	2182	1065
48329	151290	75306
48331	24344	12087
48333	4875	2242
48335	9169	5665
48337	19478	9597
48339	502586	248919
48341	22281	11512
48343	12700	6103
48345	1071	596
48347	65531	31409
48349	48118	23717
48351	14231	7347
48353	15061	7618
48355	352060	173195
48357	10642	5439
48359	2071	1137
48361	83217	41232
48363	27921	13822
48365	23900	11536
48367	121418	60724
48369	10004	5150
48371	15807	9003
48373	46113	24757
48375	122352	62842
48377	7304	3605
48379	11037	5630
48381	126782	62256
48383	3598	1853
48385	3356	1654
48387	12567	6100
48389	14179	8004
48391	7277	3636
48393	931	442
48395	16532	8262
48397	85536	41950
48399	10445	5181
48401	53457	28172
48403	10440	5090
48405	8695	4152
48407	27023	13414
48409	66070	33039
48411	5893	3231
48413	3224	1582
48415	17238	9312
48417	3352	1633
48419	25725	12565
48421	3066	1574
48423	217552	105157
48425	8608	4159
48427	62648	30368
48429	9452	5036
48431	1346	696
48433	1414	722
48435	3966	2036
48437	7713	4041
48439	1914526	937266
48441	134435	65704
48443	921	430
48445	12687	6835
48447	1545	724
48449	32553	16046
48451	115056	56913
48453	1121645	564941
48455	14405	7001
48457	21462	11629
48459	40096	19949
48461	3405	1623
48463	26952	13189
48465	48980	24828
48467	52736	25975
48469	90099	44152
48471	69330	40484
48473	45847	23062
48475	11225	5590
48477	34236	17143
48479	263251	128182
48481	41264	20305
48483	5618	2842
48485	131957	68245
48487	13158	6556
48489	22002	11947
48491	473592	232740
48493	45509	22823
48495	7576	3808
48497	61243	30667
48499	42712	21159
48501	8213	4122
48503	18329	9158
48505	14308	7153
48507	12060	5978
49001	6461	3318
49003	50991	25709
49005	117449	58573
49007	20927	10335
49009	776	422
49011	323374	162703
49013	19817	10051
49015	10728	5414
49017	5069	2637
49019	9388	4833
49021	47139	23588
49023	10400	5404
49025	7202	3502
49027	12582	6414
49029	10276	5238
49031	1865	1023
49033	2292	1093
49035	1078958	541831
49037	15152	7538
49039	28261	14845
49041	20871	10615
49043	38521	19616
49045	60893	30737
49047	35721	18262
49049	551957	277687
49051	26661	13421
49053	148244	73265
49055	2722	1407
49057	238682	119748
50001	36943	18355
50003	36589	17948
50005	31012	15400
50007	159711	77980
50009	6207	3111
50011	48418	24000
50013	6952	3419
50015	25027	12439
50017	28929	14349
50019	27146	13611
50021	60530	29688
50023	59132	29182
50025	43858	21603
50027	56150	27488
51001	33115	16117
51003	103108	49365
51005	16066	7888
51007	12777	6492
51009	32148	15475
51011	15208	7377
51013	223945	112006
51015	74053	37440
51017	4583	2233
51019	76463	37567
51021	6662	3719
51023	33155	16419
51025	16930	8882
51027	23486	11889
51029	17068	9476
51031	55012	26655
51033	29349	14513
51035	29856	14955
51036	7118	3522
51037	12313	6129
51041	328176	157960
51043	14299	7031
51045	5212	2502
51047	48424	24398
51049	9859	4940
51051	15463	7848
51053	28110	13947
51057	11151	5158
51059	1128722	558606
51061	67463	33341
51063	15523	7788
51065	26014	11924
51067	56315	27611
51069	81340	40404
51071	16907	8287
51073	37001	18283
51075	21721	10736
51077	15573	7675
51079	18938	9237
51081	11760	7303
51083	35506	16904
51085	101340	49687
51087	318864	150466
51089	52580	25278
51091	2244	1003
51093	35740	17503
51095	70673	34241
51097	7106	3666
51099	24933	12506
51101	16097	7860
51103	11129	5240
51105	25206	13223
51107	351129	173986
51109	33986	16752
51111	12558	6588
51113	13147	6363
51115	8880	4103
51117	31555	15232
51119	10717	5302
51121	96467	49981
51125	14858	7210
51127	19560	10045
51131	12184	5917
51133	12304	5937
51135	15711	8320
51137	34596	16922
51139	23843	11707
51141	18264	9001
51143	62794	30806
51145	28207	15159
51147	23022	11426
51149	37380	20440
51153	437271	217901
51155	34528	17232
51157	7431	3681
51159	8989	5166
51161	93633	44757
51163	22444	11111
51165	77785	38141
51167	28245	13803
51169	22570	11369
51171	42724	20725
51173	31734	15512
51175	18410	9661
51177	127691	62742
51179	137145	69055
51181	6823	3349
51183	11864	8130
51185	43870	21766
51187	38481	19278
51191	54759	27092
51193	17557	8582
51195	40530	20986
51197	29190	14352
51199	66471	32665
51510	149315	72057
51520	17524	8158
51530	6666	3062
51540	45084	21771
51550	230601	112641
51570	17515	8142
51580	5736	2979
51590	42450	19411
51595	5672	2605
51600	23402	11482
51610	13308	6374
51620	8457	3766
51630	27395	12783
51640	6876	3321
51650	137081	66111
51660	51388	24462
51670	22279	10546
51678	7071	4372
51680	78158	36717
51683	40743	20314
51685	15625	8219
51690	13624	6155
51700	181323	87790
51710	245452	128079
51720	4007	1626
51730	32123	14773
51735	12077	5912
51740	96135	46221
51750	17057	8211
51760	213735	101702
51770	98736	47511
51775	25165	11919
51790	24193	10861
51800	86184	41511
51810	448290	220275
51820	21150	10083
51830	14754	6665
51840	27168	13433
53001	19081	9698
53003	22040	10564
53005	184930	92396
53007	74267	37027
53009	72397	35935
53011	444506	219826
53013	3989	2005
53015	102338	50495
53017	39599	19875
53019	7652	3987
53021	86443	45052
53023	2230	1110
53025	92070	46507
53027	71419	36748
53029	79329	39540
53031	30083	14850
53033	2045756	1020901
53035	255441	130126
53037	42204	21126
53039	20820	10277
53041	75515	37774
53043	10363	5212
53045	60791	31476
53047	41332	20922
53049	20645	10371
53051	12968	6665
53053	821952	408209
53055	15956	7643
53057	119343	59117
53059	11243	5665
53061	746653	374847
53063	480832	238241
53065	43548	21895
53067	262723	128796
53069	4035	1951
53071	59726	30558
53073	207100	102637
53075	46737	23794
53077	247408	123907
54001	16731	8142
54003	108724	53507
54005	24000	11917
54007	14466	7256
54009	23665	11537
54011	96824	47123
54013	7557	3783
54015	9141	4578
54017	8201	4375
54019	45534	22936
54021	8644	5111
54023	11815	5881
54025	35666	17438
54027	23542	12085
54029	30201	14616
54031	13936	7023
54033	68998	33680
54035	29256	14506
54037	55214	27113
54039	190781	91860
54041	16434	8181
54043	21560	10701
54045	35760	17612
54047	20802	10471
54049	56790	27830
54051	32480	15990
54053	27177	13144
54055	61891	29509
54057	27755	13696
54059	25931	12686
54061	101668	52641
54063	13525	6686
54065	17475	8622
54067	25930	12779
54069	43637	20931
54071	7402	3720
54073	7636	4059
54075	8697	4452
54077	33809	17419
54079	56596	27714
54081	78493	39343
54083	29365	15111
54085	10140	5015
54087	14636	7231
54089	13544	6185
54091	16977	8592
54093	6972	3474
54095	9033	4464
54097	24560	12223
54099	41499	20257
54101	8927	4387
54103	16157	7931
54105	5841	2936
54107	86559	41844
54109	22866	11328
55001	20451	11033
55003	15993	7996
55005	45686	23012
55007	15050	7719
55009	254717	126333
55011	13319	6753
55013	15334	7845
55015	49678	24937
55017	63209	32911
55019	34518	17475
55021	56607	28741
55023	16483	8483
55025	510198	252850
55027	88547	46309
55029	27731	13639
55031	43799	21864
55033	44159	22290
55035	101281	49791
55037	4476	2346
55039	101920	49914
55041	9150	4647
55043	51489	26741
55045	37044	18372
55047	18966	9574
55049	23769	11884
55051	5907	2934
55053	20543	11022
55055	84345	42050
55057	26494	14018
55059	167738	82897
55061	20483	10406
55063	117048	57261
55065	16835	8521
55067	19551	9794
55069	28286	14104
55071	80521	40110
55073	135177	67921
55075	41287	20693
55077	15140	7713
55078	4451	2185
55079	955939	461804
55081	45274	22883
55083	37476	19149
55085	35653	17968
55087	180430	89937
55089	87273	42831
55091	7372	3717
55093	40799	20275
55095	43572	21937
55097	70432	35265
55099	13800	6959
55101	194895	96458
55103	17746	8946
55105	160727	78915
55107	14357	7216
55109	86118	42922
55111	62992	31578
55113	16483	8342
55115	41563	20808
55117	115226	57960
55119	20569	10509
55121	29412	14813
55123	30279	15082
55125	21355	10709
55127	103039	51420
55129	15700	7799
55131	132921	65880
55133	393873	193441
55135	52125	26378
55137	24321	12783
55139	169004	85019
55141	74012	36594
56001	37565	19692
56003	11895	6002
56005	48013	24914
56007	15739	8592
56009	14101	7118
56011	7229	3716
56013	40755	20358
56015	13544	7180
56017	4809	2394
56019	8600	4525
56021	95431	47911
56023	18316	9356
56025	80011	40495
56027	2516	1164
56029	28985	14230
56031	8750	4495
56033	29738	14695
56035	10117	5353
56037	44772	23359
56039	22311	11537
56041	20930	10636
56043	8400	4144
56045	7152	3695
72001	18962	9266
72003	40603	19912
72005	57973	28267
72007	27693	13520
72009	24829	12000
72011	28579	13888
72013	92511	44478
72015	19018	8892
72017	24775	11854
72019	29805	14695
72021	197287	93812
72023	50380	24010
72025	138262	64768
72027	33949	16353
72029	47432	22973
72031	168114	77517
72033	26680	12658
72035	46647	22477
72037	12810	6033
72039	17928	8788
72041	42298	20626
72043	40293	19618
72045	20339	10122
72047	35975	17528
72049	1557	880
72051	38166	18284
72053	34720	16308
72054	12408	6018
72055	18207	8781
72057	43700	21689
72059	20442	9844
72061	93899	44511
72063	46765	22277
72065	41578	20062
72067	16845	7824
72069	56384	26742
72071	44438	21654
72073	15890	7917
72075	49259	23645
72077	40104	19165
72079	24722	12065
72081	28727	14187
72083	9306	4610
72085	38605	18671
72087	28454	13335
72089	19497	9196
72091	42167	20017
72093	6315	3144
72095	11701	5779
72097	83418	39978
72099	38815	19039
72101	32294	16067
72103	26804	12733
72105	29751	14700
72107	22595	11376
72109	18441	9075
72111	22770	11107
72113	156054	75153
72115	25205	12258
72117	14841	7249
72119	53029	25845
72121	24307	11536
72123	30114	14631
72125	34125	16590
72127	371400	170416
72129	39778	19485
72131	40471	19723
72133	22913	11085
72135	74603	36028
72137	85242	40215
72139	71886	34036
72141	31474	15368
72143	39319	18762
72145	56858	27379
72147	9130	4585
72149	24685	12086
72151	36279	17648
72153	39474	19047
